From;To;Type;Through;start_x;start_y;stop_x;stop_y;adjacency_rule_name;Comment
4720;12698;sea;2935;-1;-1;-1;-1;;Canada to Newfoundland
13227;13228;sea;9003;-1;-1;-1;-1;;Tonga
12251;10321;sea;8313;-1;-1;-1;-1;;Andaman
7413;1419;sea;5294;-1;-1;-1;-1;;Moluccas
10141;1419;sea;5267;-1;-1;-1;-1;;Moluccas
480;9431;sea;8621;-1;-1;-1;-1;;Netherlands outlier
8857;2284;sea;7617;1560;1009;1556;1016;PANAMA_CANAL;Panama
2729;2408;sea;6257;2949;1598;2962;1612;KIEL_CANAL;Kiel
5388;803;sea;1155;-1;-1;-1;-1;SUEZ_CANAL;Suez
299;211;sea;2282;-1;-1;-1;-1;;Småland-Öland
6345;6287;sea;2382;-1;-1;-1;-1;;Skåne-Sjaelland
3260;3325;;2408;-1;-1;-1;-1;;Sjaelland-Fyn
3260;3374;;2408;-1;-1;2973;1625;;Sjaelland-SdFyn
3277;3325;;2408;-1;-1;-1;-1;;Fyn-Jylland
11251;3325;;2408;2956;1628;2960;1629;;Fyn-SdrJylland
83;185;sea;1885;-1;-1;-1;-1;;Estonia-Ösel
185;6201;sea;1885;-1;-1;-1;-1;;Ösel-Dagö
83;6201;sea;1660;-1;-1;-1;-1;;Dagö-Estonia
6891;3838;sea;5579;-1;-1;-1;-1;;Sardinia-Corsica
9990;4159;sea;5681;-1;-1;-1;-1;;Calabria-Sicily
9793;9845;sea;8871;-1;-1;-1;-1;;Menorca-Mallorca
12299;12113;sea;5539;-1;-1;-1;-1;;Singapore-Batam
7396;1401;sea;5615;-1;-1;-1;-1;;Bangka Belitung-Sumatra
1342;10279;sea;2737;-1;-1;-1;-1;;Java-Sumatra
7396;4211;sea;4225;-1;-1;-1;-1;;Bangka-Belitung
1460;12126;sea;812;-1;-1;-1;-1;;Tanahbala-Sumatra
12126;1428;sea;812;-1;-1;-1;-1;;Tanahbala-Siberut
4306;4608;sea;5666;-1;-1;-1;-1;;Soerbaja-Madura
7654;4273;sea;2239;-1;-1;-1;-1;;Java-Bali
7293;4273;sea;2239;-1;-1;-1;-1;;Bali-Lombok
7293;10191;sea;2239;-1;-1;-1;-1;;Lombok-W.Nusa Tenggara
12162;1298;sea;2124;-1;-1;-1;-1;;West Nusa Tenggara-East Nusa Tenggara
12151;10219;sea;5414;-1;-1;-1;-1;;East Nusa Tenggara-Pulau Alor
12444;10222;sea;5515;-1;-1;-1;-1;;Sulawesi-Pulau Buton
1293;4269;sea;8751;-1;-1;-1;-1;;Surigao-Leyte
1311;4228;sea;2856;-1;-1;-1;-1;;San Bernardino Strait
4288;1221;sea;2876;-1;-1;-1;-1;;Mindoro-Batangas
4228;7307;sea;2876;-1;-1;-1;-1;;Ticao Pass
10302;1261;sea;2876;-1;-1;-1;-1;;Panay-Negros
10186;12153;sea;8751;-1;-1;-1;-1;;Negros-Cebu
7385;12153;sea;8751;-1;-1;-1;-1;;Bohol-Cebu
7557;1574;sea;5390;-1;-1;-1;-1;;Buru-Seram
7557;7369;sea;4899;-1;-1;-1;-1;;Buru-Taliabu
10342;1437;sea;4899;-1;-1;-1;-1;;Obi-Bacan
7413;1437;sea;4899;-1;-1;-1;-1;;Halmahera-Bacan
4509;7542;sea;2585;-1;-1;-1;-1;;Papua-Japen
10251;1329;sea;430;5112;550;5122;559;;Papua-New Britain
7251;4421;sea;7010;-1;-1;-1;-1;;New Britain-Latangai
13021;13022;sea;8673;-1;-1;-1;-1;;Gilbert Islands
4268;4231;sea;5741;-1;-1;-1;-1;;New Caledonia 1
1237;12120;sea;5660;-1;-1;-1;-1;;New Caledonia 2
12632;1814;sea;5637;-1;-1;-1;-1;;North-South NZ Islands
10231;10248;sea;430;-1;-1;-1;-1;;New Guinea-Fergusson
12246;10288;sea;5513;-1;-1;-1;-1;;Cobourg-Australia
4292;10319;sea;5868;-1;-1;-1;-1;;Pavuvu-Munda
10319;12265;sea;5868;-1;-1;-1;-1;;Munda-Choiseul
12265;4252;sea;5868;-1;-1;-1;-1;;Choiseul-Santa Isabel
4252;1085;sea;5868;-1;-1;-1;-1;;Santa Isabel-Malaita
1085;10291;sea;5868;-1;-1;-1;-1;;Malaita-Guadalcanal
4292;1269;sea;5868;-1;-1;-1;-1;;Mbanika-Guadalcanal
1742;7868;sea;2510;-1;-1;-1;-1;;Sakhalin-Siberia
12661;7884;sea;8538;-1;-1;-1;-1;;Kodiak-Alaska
11985;1025;sea;7932;-1;-1;-1;-1;;Japan-Kyushu
4094;7212;sea;8791;-1;-1;-1;-1;;Shikoku-Chugoku
9965;7072;sea;8791;-1;-1;-1;-1;;Shikoku-Kansai
1399;1515;sea;220;-1;-1;-1;-1;;Kurils 1
13037;14715;sea;4465;-1;-1;-1;-1;;Kurils-Hokkaido
9952;1117;sea;2658;-1;-1;-1;-1;;Niigata-Sado
10092;7046;sea;8791;4862;1196;4872;1200;;Kyushu-Shikoku
4198;12032;sea;8472;-1;-1;-1;-1;;Kanoya-Yokushima
11948;1177;sea;2708;-1;-1;-1;-1;;Jeju-Korea
11932;1123;sea;8499;-1;-1;-1;-1;;Okinawa 1
1123;7115;sea;8318;-1;-1;-1;-1;;Okinawa 2
13025;14172;sea;8568;-1;-1;-1;-1;;Hahajima-Iwo Jima
3995;13024;sea;2855;-1;-1;-1;-1;;Saipan-Tinian
1135;13090;sea;6471;-1;-1;-1;-1;;Amlia-Unalaska
13090;10694;sea;6064;-1;-1;-1;-1;;Unalaska-Unimak
10048;7195;sea;8384;-1;-1;-1;-1;;Hawaii-Maui
7195;4180;sea;8410;-1;-1;-1;-1;;Maui-Honolulu
4180;7112;sea;5339;-1;-1;-1;-1;;Honolulu-Kauai
12148;10188;sea;8660;-1;-1;-1;-1;;Tahiti-Raiatea
7290;13080;sea;9081;-1;-1;-1;-1;;Samoan Islands
4286;12159;sea;8289;-1;-1;-1;-1;;Fiji-Sanua Levu
13055;13056;sea;8419;-1;-1;-1;-1;;Nukufetau-Funafuti
13056;13057;sea;8419;-1;-1;-1;-1;;Funafuti-Nukulaelae
13027;13028;sea;2735;-1;-1;-1;-1;;Ngulu-Yap
13029;13028;sea;2735;-1;-1;-1;-1;;Ulithi-Yap
2489;13033;sea;7918;-1;-1;-1;-1;;Truk-Hall Islands
13041;13044;sea;7287;-1;-1;-1;-1;;Carolines 1
13042;13043;sea;2414;-1;-1;-1;-1;;Carolines 2
10276;7669;sea;5263;-1;-1;-1;-1;;Tiwi-Darwin
12910;7567;sea;5771;-1;-1;-1;-1;;Adelaide-Kangaroo Island
4526;153;sea;2571;-1;-1;-1;-1;;Curacao-Zulia
10767;3284;sea;2597;-1;-1;-1;-1;;Miranda-Trinidad
13012;3284;sea;2597;-1;-1;-1;-1;;Tobago-Trinidad
11106;379;sea;5533;-1;-1;-1;-1;;Grenada-St Vincent
379;11350;sea;5533;-1;-1;-1;-1;;St Vincent-Barbados
379;13009;sea;5533;-1;-1;-1;-1;;St Vincent-St Lucia
13009;177;sea;5533;-1;-1;-1;-1;;St Lucia-Martinique
177;7123;sea;5533;-1;-1;-1;-1;;Martinique-Dominica
7123;9377;sea;5533;-1;-1;-1;-1;;Dominica-Guadeloupe
9377;4450;sea;2887;-1;-1;-1;-1;;Guadeloupe-Montserrat
4450;13084;sea;2887;-1;-1;-1;-1;;Montserrat-Anguilla
13084;4155;sea;5507;-1;-1;-1;-1;;Anguilla-Virgin Islands
1440;4155;sea;5507;-1;-1;-1;-1;;Puerto Rico-Virgin Islands
10203;9805;sea;5864;-1;-1;-1;-1;;Corfu-Epirus
1106;12001;sea;5913;-1;-1;-1;-1;;Lefkada-Epirus
3401;7127;sea;6801;-1;-1;-1;-1;;Cyclades-Greece
8435;6864;sea;7452;-1;-1;-1;-1;;Lesbos-Turkey
6550;4112;sea;7226;-1;-1;-1;-1;;Chios-Turkey
7003;9941;sea;7226;-1;-1;-1;-1;;Kos-Bodrum
10007;10122;sea;7226;-1;-1;-1;-1;;Rhodes-Turkey
9833;11829;sea;5412;-1;-1;-1;-1;;Bosphorus
9680;6741;sea;8282;-1;-1;-1;-1;;Kerch Strait
6873;3962;sea;5946;-1;-1;-1;-1;;Tsugaru Strait
10011;7110;sea;2708;4825;1219;-1;-1;;Tushima-Kyushu
4160;1070;sea;5244;-1;-1;-1;-1;;Hainan-Strait
1712;12147;sea;8978;1594;2022;1590;2038;;Quebec-Strait
3691;7813;sea;6261;1759;2028;1766;2035;;Cold Ass-Strait
7259;1393;sea;5257;-1;-1;-1;-1;;Vancouver-Strait
11047;198;sea;8370;-1;-1;-1;-1;;Barents-Strait
11157;3145;sea;5792;-1;-1;-1;-1;;Northern-Straits
11090;91;sea;5792;-1;-1;-1;-1;;Northern-Straits
44;11050;sea;5792;-1;-1;-1;-1;;Northern-Straits
22;3016;sea;5792;-1;-1;-1;-1;;Northern-Straits
6062;6205;sea;3590;-1;-1;-1;-1;;West Scottish-Strait
8435;6550;sea;7452;-1;-1;-1;-1;;Aegan Isle-Strait
7304;4360;sea;8614;-1;-1;-1;-1;;New Foundland-Strait
8241;14361;sea;2236;-1;-1;-1;-1;;Foveaux Strait
13291;677;sea;5430;894;1499;892;1504;;San Francisco
10233;5205;sea;13155;-1;-1;-1;-1;;Michigan
6882;13260;sea;8518;-1;-1;-1;-1;;Jersey
3957;6892;sea;8492;-1;-1;-1;-1;;Delaware
788;3917;sea;8492;-1;-1;-1;-1;;Virginia
5407;5382;;-1;-1;-1;-1;-1;GIBRALTAR_STRAIT;Gibraltar North
5407;2400;;-1;-1;-1;-1;-1;GIBRALTAR_STRAIT;Gibraltar South
2708;7932;;-1;-1;-1;-1;-1;KOREA_STRAIT;Korea Strait
2455;2506;;-1;-1;-1;-1;-1;DANISH_BELTS_STRAIT;Øresund
5412;7678;;-1;-1;-1;-1;-1;BOSPHORUS_STRAIT;Bosphorus
8282;8308;;-1;-1;-1;-1;-1;KERCH_STRAIT;Kerch
5960;5984;;-1;-1;-1;-1;-1;MALACCA_STRAIT;Malacca
12860;7455;impassable;-1;-1;-1;-1;-1;;Bhutan-India Border
12860;12730;impassable;-1;-1;-1;-1;-1;;Bhutan-India Border
5083;10792;impassable;-1;-1;-1;-1;-1;;Brazil-Colombia Border
4980;4934;impassable;-1;-1;-1;-1;-1;;Brazil-France Border
5008;8107;impassable;-1;-1;-1;-1;-1;;Brazil-Guyana Border
5214;8107;impassable;-1;-1;-1;-1;-1;;Brazil-Guyana Border
5214;8107;impassable;-1;-1;-1;-1;-1;;Brazil-Guyana Border
13583;1485;impassable;-1;-1;-1;-1;-1;;Ashevill-Oconee
13583;4653;impassable;-1;-1;-1;-1;-1;;Ashevill-Oconee
7643;13585;impassable;-1;-1;-1;-1;-1;;Ashevill-Oconee
7643;10495;impassable;-1;-1;-1;-1;-1;;Ashevill-Oconee
7643;4653;impassable;-1;-1;-1;-1;-1;;Ashevill-Oconee
10468;10096;impassable;-1;-1;-1;-1;-1;;Ashevill-Oconee
10468;12445;impassable;-1;-1;-1;-1;-1;;Ashevill-Oconee
10439;10412;impassable;-1;-1;-1;-1;-1;;Ashevill-Oconee
10439;12445;impassable;-1;-1;-1;-1;-1;;Ashevill-Oconee
10439;9931;impassable;-1;-1;-1;-1;-1;;Ashevill-Oconee
1506;10343;impassable;-1;-1;-1;-1;-1;;Ashevill-Oconee
1506;10412;impassable;-1;-1;-1;-1;-1;;Ashevill-Oconee
3941;10343;impassable;-1;-1;-1;-1;-1;;Ashevill-Oconee
6958;10343;impassable;-1;-1;-1;-1;-1;;Ashevill-Oconee
13342;11859;impassable;-1;-1;-1;-1;-1;;Ashevill-Oconee
13342;13295;impassable;-1;-1;-1;-1;-1;;Ashevill-Oconee
13342;13298;impassable;-1;-1;-1;-1;-1;;Ashevill-Oconee
11795;13238;impassable;-1;-1;-1;-1;-1;;Ashevill-Oconee
11795;13239;impassable;-1;-1;-1;-1;-1;;Ashevill-Oconee
13841;7845;impassable;-1;-1;-1;-1;-1;;Ashevill-Oconee
10602;13842;impassable;-1;-1;-1;-1;-1;;Ashevill-Oconee
10602;7845;impassable;-1;-1;-1;-1;-1;;Ashevill-Oconee
10602;13840;impassable;-1;-1;-1;-1;-1;;Ashevill-Oconee
13841;3781;impassable;-1;-1;-1;-1;-1;;Ashevill-Oconee
12676;3781;impassable;-1;-1;-1;-1;-1;;Ashevill-Oconee
12676;1832;impassable;-1;-1;-1;-1;-1;;Ashevill-Oconee
4838;1832;impassable;-1;-1;-1;-1;-1;;Ashevill-Oconee
7667;11763;impassable;-1;-1;-1;-1;-1;;Ashevill-Oconee
7667;13372;impassable;-1;-1;-1;-1;-1;;Ashevill-Oconee
1432;13361;impassable;-1;-1;-1;-1;-1;;Ashevill-Oconee
1601;13361;impassable;-1;-1;-1;-1;-1;;Ashevill-Oconee
6745;9697;impassable;-1;-1;-1;-1;-1;;Ashevill-Oconee
768;9697;impassable;-1;-1;-1;-1;-1;;Ashevill-Oconee
768;13364;impassable;-1;-1;-1;-1;-1;;Ashevill-Oconee
766;13364;impassable;-1;-1;-1;-1;-1;;Ashevill-Oconee
766;9697;impassable;-1;-1;-1;-1;-1;;Ashevill-Oconee
7106;1129;impassable;-1;-1;-1;-1;-1;;Pathankot-Kashmir
7106;7316;impassable;-1;-1;-1;-1;-1;;Pathankot-Kashmir
13928;13927;impassable;-1;-1;-1;-1;-1;;Kishtwar-Kashmir
13920;13927;impassable;-1;-1;-1;-1;-1;;Kishtwar-Kashmir
14746;14747;sea;2946;-1;-1;-1;-1;;Chinese-Sprats
14747;14749;sea;2946;-1;-1;-1;-1;;Chinese-Sprats
14753;14752;sea;2971;-1;-1;-1;-1;;Chinese-Sprats
14750;14751;sea;2946;-1;-1;-1;-1;;Chinese-Sprats
1970;7273;impassable;-1;-1;-1;-1;-1;;Himalayas
8112;7273;impassable;-1;-1;-1;-1;-1;;Himalayas
5042;7273;impassable;-1;-1;-1;-1;-1;;Himalayas
10802;12884;impassable;-1;-1;-1;-1;-1;;Himalayas
1961;12884;impassable;-1;-1;-1;-1;-1;;Himalayas
1961;3989;impassable;-1;-1;-1;-1;-1;;Himalayas
1961;1129;impassable;-1;-1;-1;-1;-1;;Himalayas
1961;1898;impassable;-1;-1;-1;-1;-1;;Himalayas
8029;10825;impassable;-1;-1;-1;-1;-1;;Himalayas
1991;10825;impassable;-1;-1;-1;-1;-1;;Himalayas
1991;10910;impassable;-1;-1;-1;-1;-1;;Himalayas
4900;4435;impassable;-1;-1;-1;-1;-1;;Himalayas
4900;8010;impassable;-1;-1;-1;-1;-1;;Himalayas
5042;12884;impassable;-1;-1;-1;-1;-1;;Himalayas
1607;4175;sea;7603;-1;-1;-1;-1;;Burma
-1;-1;-1;-1;-1;-1;-1;-1;-1;
